Graphic,Enum,Specification,APP-06 code,identifier1,identifier2,countryCodes,additionalInfo,hostility,status,dtg1,dtg2,echelon,direction,mineType,mobility,terrain,altitude1,altitude2,width,length,radius,grids,weapon,rangeFan
"abatis",Abatis,"FM 1-02.2 + APP-06",280100,,,,,Y,,,,,,,,,,,,,,,,
"advance to contact",AdvanceToContact,"APP-06",342900,Y,,,,Y,,Y,Y,,,,,,,,,,,,,
"air corridor",AirCorridor,"FM 1-02.2 + APP-06",170100,Y,,,,Y,,Y,Y,,,,,,Y,Y,Y,,,,,
"air space coordination area circular",AirSpaceCoordinationAreaCircular,"FM 1-02.2 + APP-06",240103,Y,,,,Y,Y,Y,Y,,,,,,Y,Y,,,Y,Y,,
"air space coordination area irregular",AirSpaceCoordinationAreaIrregular,"FM 1-02.2 + APP-06",240101,Y,,,,Y,Y,Y,Y,,,,,,Y,Y,,,,Y,,
"air space coordination area rectangular",AirSpaceCoordinationAreaRectangular,"FM 1-02.2 + APP-06",240102,Y,,,,Y,Y,Y,Y,,,,,,Y,Y,Y,,,Y,,
"air to air refueling restricted operations zone",AirToAirRefuelingRestrictedOperationsZone,"FM 1-02.2 + APP-06",171100,Y,,,,Y,Y,Y,Y,,,,,,Y,Y,,,,,,
"airborne or aviation axis of advance",AviationAxisOfAdvance,"FM 1-02.2 + APP-06",151401,Y,,,,Y,,Y,Y,,,,,,,,,,,,,
"airfield",Airfield,"FM 1-02.2 + APP-06",131900,Y,,,,Y,,,,,,,,,,,,,,,,
"airfield zone",AirfieldZone,"APP-06",120400,,,,Y,Y,,,,,,,,,,,,,,,,
"airhead line",AirheadLine,"FM 1-02.2 + APP-06",141300,Y,,,,Y,,,,,,,,,,,,,,,,
"alternate supply route",AlternateSupplyRoute,"FM 1-02.2 + APP-06",330400,Y,,,,Y,Y,,,,Y,,,,,,,,,,,
"ambush",Ambush,"FM 1-02.2 + APP-06",141700,,,,,Y,,,,,,,,,,,,,,,,
"Anti-Tank Ditch Reinforced, with Anti-Tank Mines",AntiTankDitchReinforcedWithMines,"FM 1-02.2 + APP-06",290203,,,,,Y,,,,,,,,,,,,,,,,
"Anti-Tank Ditch, Completed",AntiTankDitchCompleted,"FM 1-02.2 + APP-06",290202,,,,,Y,,,,,,,,,,,,,,,,
"Anti-Tank Ditch, Under Construction",AntiTankDitchUnderConstruction,"FM 1-02.2 + APP-06",290201,,,,,Y,,,,,,,,,,,,,,,,
"area",Area,"APP-06",150100,,,,,Y,,,,,,,,,,,,,,,,
"area defense",AreaDefense,"FM 1-02.2 + APP-06",152600,,,,,Y,,,,,,,,,,,,,Y,,,
"area of operations",AreaOfOperations,"FM 1-02.2 + APP-06",120100,Y,,,,Y,Y,,,,,,,,,,,,,,,
"area, generic",AreaGeneric,"APP-06",120700,Y,,,Y,Y,,Y,Y,,,,,,,,,,,,,
"artillery maneuver area",ArtilleryManeuverArea,"APP-06",242400,Y,,,,Y,,Y,Y,,,,,,,,,,,,,
"artillery reserved area",ArtilleryReservedArea,"APP-06",242500,Y,,,,Y,,Y,Y,,,,,,,,,,,,,
"artillery target intelligence zone circular",ArtilleryTargetIntelligenceZoneCircular,"FM 1-02.2 + APP-06",241103,Y,,,,Y,,Y,Y,,,,,,,,,,Y,,,
"artillery target intelligence zone irregular",ArtilleryTargetIntelligenceZoneIrregular,"FM 1-02.2 + APP-06",241101,Y,,,,Y,,Y,Y,,,,,,,,,,,,,
"artillery target intelligence zone rectangular",ArtilleryTargetIntelligenceZoneRectangular,"FM 1-02.2 + APP-06",241102,Y,,,,Y,,Y,Y,,,,,,,,Y,,,,,
"assault crossing",AssaultCrossing,"FM 1-02.2 + APP-06",271300,,,,,Y,,Y,,,,,,,,,,,,,,
"assault position",AssaultPosition,"FM 1-02.2 + APP-06",151500,Y,,,,Y,Y,,,,,,,,,,,,,,,
"assembly area",AssemblyArea,"FM 1-02.2 + APP-06",150200,Y,,,,Y,Y,,,,,,,,,,,,,,,
"attack by fire",AttackByFire,"FM 1-02.2 + APP-06",152000,,,,,,,,,,,,,,,,,,,,,
"attack helicopter axis of advance",AttackHelicopterAxisOfAdvance,"FM 1-02.2 + APP-06",151402,Y,,,,Y,,Y,Y,,,,,,,,,,,,,
"attack position",AttackPosition,"FM 1-02.2 + APP-06",151600,Y,,,,Y,Y,,,,,,,,,,,,,,,
"avenue of approach",AvenueOfApproach,"APP-06",152300,Y,,,,Y,,,,,,,,,,,,,,,,
"aviation direction of attack",AviationDirectionOfAttack,"FM 1-02.2 + APP-06",140601,Y,,,,Y,,Y,Y,,,,,,,,,,,,,
"axis of attack",AxisOfAttack,"",,Y,,,,Y,,,,,,,,,,,,,,,,
"base camp",BaseCamp,"FM 1-02.2 + APP-06",120500,Y,,,,Y,Y,,,,,,,,,,,,,,,
"base defense zone",BaseDefenseZone,"FM 1-02.2 + APP-06",170800,,,,,Y,,,,,,,,,,,,,Y,,,
"battle position",BattlePosition,"FM 1-02.2 + APP-06",151200,Y,,,,Y,Y,,,Y,,,,,,,,,,,,
"battle position prepared but not occupied",BattlePositionPreparedButNotOccupied,"FM 1-02.2 + APP-06",151202,Y,,,,Y,Y,,,Y,,,,,,,,,,,,
"battlefield coordination line",BattlefieldCoordinationLine,"APP-06",260400,Y,,,,Y,Y,Y,Y,,,,,,,,,,,,,
"battlefield handover line",BattlefieldHandoverLine,"FM 1-02.2 + APP-06",141900,Y,,,,Y,Y,,,,,,,,,,,,,,,
"biological contaminated area",BiologicalContaminatedArea,"APP-06",271700,,,,,,,,,,,,,,,,,,,,,
"biological contaminated area, toxic industrial material",BiologicalContaminatedAreaToxicIndustrialMaterial,"APP-06",271701,,,,,,,,,,,,,,,,,,,,,
"block",TacticalBlock,"FM 1-02.2 + APP-06",340100,,,,,,,,,,,,,,,,,,,,,
"block",Block,"FM 1-02.2 + APP-06",270501,,,,,,,,,,,,,,,,,,,,,
"blue kill box circular",BlueKillBoxCircular,"FM 1-02.2 + APP-06",242303,Y,,,,Y,,Y,Y,,,,,,,,,,Y,,,
"blue kill box irregular",BlueKillBoxIrregular,"FM 1-02.2 + APP-06",242301,Y,,,,Y,,Y,Y,,,,,,,,,,,,,
"blue kill box rectangular",BlueKillBoxRectangular,"FM 1-02.2 + APP-06",242302,Y,,,,Y,,Y,Y,,,,,,,,Y,,,,,
"bomb area",BombArea,"APP-06",240808,Y,,,,Y,Y,,,,,,,,,,,,,,,
"boundary",Boundary,"FM 1-02.2 + APP-06",110100,Y,Y,Y,,Y,Y,,,Y,,,,,,,,,,,,
"breach",Breach,"FM 1-02.2 + APP-06",340200,,,,,,,,,,,,,,,,,,,,,
"bridge",Bridge,"FM 1-02.2 + APP-06",271100,,,,,Y,,,,,,,,,,,,,,,,
"bridgehead",Bridgehead,"APP-06",120800,Y,,,,Y,Y,,,,,,,,,,,,,,,
"bridgehead line",BridgeheadLine,"FM 1-02.2 + APP-06",141400,Y,,,,Y,Y,,,,,,,,,,,,,,,
"brigade support area",BrigadeSupportArea,"FM 1-02.2 + APP-06",310600,Y,,,,Y,Y,,,,,,,,,,,,,,,
"bypass",Bypass,"FM 1-02.2 + APP-06",340300,,,,,,,,,,,,,,,,,,,,,
"call for fire zone circular",CallForFireZoneCircular,"FM 1-02.2 + APP-06",241203,Y,,,,Y,,Y,Y,,,,,,,,,,Y,,,
"call for fire zone irregular",CallForFireZoneIrregular,"FM 1-02.2 + APP-06",241201,Y,,,,Y,,Y,Y,,,,,,,,,,,,,
"call for fire zone rectangular",CallForFireZoneRectangular,"FM 1-02.2 + APP-06",241202,Y,,,,Y,,Y,Y,,,,,,,,Y,,,,,
"canalize",Canalize,"FM 1-02.2 + APP-06",340400,,,,,,,,,,,,,,,,,,,,,
"capture",Capture,"APP-06",343000,,,,,,,,,,,,,,,,,,,,,
"censor zone circular",CensorZoneCircular,"FM 1-02.2 + APP-06",241303,Y,,,,Y,,Y,Y,,,,,,,,,,Y,,,
"censor zone irregular",CensorZoneIrregular,"FM 1-02.2 + APP-06",241301,Y,,,,Y,,Y,Y,,,,,,,,,,,,,
"censor zone rectangular",CensorZoneRectangular,"FM 1-02.2 + APP-06",241302,Y,,,,Y,,Y,Y,,,,,,,,Y,,,,,
"chemical contaminated area",ChemicalContaminatedArea,"APP-06",271800,,,,,,,,,,,,,,,,,,,,,
"chemical contaminated area, toxic industrial material",ChemicalContaminatedAreaToxicIndustrialMaterial,"APP-06",271801,,,,,,,,,,,,,,,,,,,,,
"clear",Clear,"FM 1-02.2 + APP-06",340500,,,,,,,,,,,,,,,,,,,,,
"common sensor boundary",CommonSensorBoundary,"FM 1-02.2",,Y,,,,Y,Y,Y,Y,,,,,,,,,,,,,
"contain",Contain,"FM 1-02.2 + APP-06",151204,,,,,,,,,,,,,,,,,,Y,,,
"control",Control,"FM 1-02.2 + APP-06",343200,,,,,,,,,,,,,,,,,,Y,,,
"coordinated fire line",CoordinatedFireLine,"FM 1-02.2 + APP-06",260200,Y,,,,Y,Y,Y,Y,,,,,,,,,,,,,
"cordon and knock",CordonAndKnock,"APP-06",342600,,,,,Y,,,,,,,,,,,,,,,,
"cordon and search",CordonAndSearch,"FM 1-02.2 + APP-06",342700,,,,,Y,,,,,,,,,,,,,Y,,,
"corps support area",CorpsSupportArea,"FM 1-02.2 + APP-06",310800,Y,,,,Y,Y,,,,,,,,,,,,,,,
"counterattack",Counterattack,"FM 1-02.2 + APP-06",340600,Y,,,,Y,,,,,,,,,,,,,,,,
"counterattack by fire",CounterattackByFire,"APP-06",340700,Y,,,,Y,,,,,,,,,,,,,,,,
"cover",Cover,"FM 1-02.2 + APP-06",342201,,,,,Y,,,,,,,,,,,,,,,,
"critical friendly zone circular",CriticalFriendlyZoneCircular,"FM 1-02.2 + APP-06",241403,Y,,,,Y,,Y,Y,,,,,,,,,,Y,,,
"critical friendly zone irregular",CriticalFriendlyZoneIrregular,"FM 1-02.2 + APP-06",241401,Y,,,,Y,,Y,Y,,,,,,,,,,,,,
"critical friendly zone rectangular",CriticalFriendlyZoneRectangular,"FM 1-02.2 + APP-06",241402,Y,,,,Y,,Y,Y,,,,,,,,Y,,,,,
"dead space area circular",DeadSpaceAreaCircular,"FM 1-02.2 + APP-06",241503,Y,,,,Y,,Y,Y,,,,,,,,,,Y,,,
"dead space area irregular",DeadSpaceAreaIrregular,"FM 1-02.2 + APP-06",241501,Y,,,,Y,,Y,Y,,,,,,,,,,,,,
"dead space area rectangular",DeadSpaceAreaRectangular,"FM 1-02.2 + APP-06",241502,Y,,,,Y,,Y,Y,,,,,,,,Y,,,,,
"decision line",DecisionLine,"APP-06",110500,Y,,,,Y,,,,,,,,,,,,,,,,
"delay",Delay,"FM 1-02.2 + APP-06",340800,,,,,Y,,,,,,,,,,,,,,,,
"delay line",DelayLine,"FM 1-02.2",,Y,,,,Y,Y,,,,,,,,,,,,,,,
"demonstration",Demonstration,"APP-06",343300,,,,,,,,,,,,,,,,,,,,,
"deny",Deny,"APP-06",343400,,,,,,,,,,,,,,,,,,,,,
"destroy",Destroy,"FM 1-02.2 + APP-06",340900,,,,,,,,,,,,,,,,,,,,,
"detainee holding area",DetaineeHoldingArea,"FM 1-02.2 + APP-06",310100,Y,,,,Y,Y,,,,,,,,,,,,,,,
"direction of main attack",DirectionOfMainAttack,"FM 1-02.2 + APP-06",140602,Y,,,,Y,,Y,Y,,,,,,,,,,,,,
"direction of main attack feint",DirectionOfMainAttackFeint,"FM 1-02.2 + APP-06",140605,Y,,,,Y,,Y,Y,,,,,,,,,,,,,
"direction of supporting attack",DirectionOfSupportingAttack,"FM 1-02.2 + APP-06",140603,Y,,,,Y,Y,Y,Y,,,,,,,,,,,,,
"disengage",Disengage,"FM 1-02.2 + APP-06",344400,,,,,,,,,,,,,,,,,,,,,
"disrupt",TacticalDisrupt,"FM 1-02.2 + APP-06",341000,,,,,,,,,,,,,,,,,,,,,
"disrupt",Disrupt,"FM 1-02.2 + APP-06",270502,,,,,,,,,,,,,,,,,,,,,
"division support area",DivisionSupportArea,"FM 1-02.2 + APP-06",310700,Y,,,,Y,Y,,,,,,,,,,,,,,,
"drop zone",DropZone,"FM 1-02.2 + APP-06",150600,Y,,,,Y,Y,,,,,,,,,,,,,,,
"encirclement",Encirclement,"FM 1-02.2 + APP-06",151800,Y,,,,Y,,,,,,,,,,,,,,,,
"enemy prisoner of war holding area",EnemyPrisonerOfWarHoldingArea,"APP-06",310200,Y,,,,Y,Y,,,,,,,,,,,,,,,
"engagement area",EngagementArea,"FM 1-02.2 + APP-06",151300,Y,,,,Y,Y,,,,,,,,,,,,,,,
"engineer work line",EngineerWorkLine,"FM 1-02.2 + APP-06",110300,Y,Y,Y,,Y,Y,,,,,,,,,,,,,,,
"envelopment",Envelopment,"FM 1-02.2 + APP-06",343500,,,,,Y,,,,,,,,,,,,,,,,
"escort",Escort,"APP-06",343600,,,,,Y,,,,,,,,,,,,,,,,
"evacuate",Evacuate,"APP-06",344500,,,,,,,,,,,,,,,,,,,,,
"exfiltrate",Exfiltrate,"FM 1-02.2 + APP-06",343700,,,,,Y,,,,,,,,,,,,,,,,
"exploitation",Exploitation,"FM 1-02.2 + APP-06",343100,,,,,Y,,,,,,,,,,,,,,,,
"Explosives, Planned State of Readiness",ExplosivesPlannedStateOfReadiness,"FM 1-02.2 + APP-06",271201,,,,,Y,,,,,,,,,,,,,,,,
"Explosives, State of Readiness 1 (Safe)",ExplosivesStateOfReadiness1Safe,"FM 1-02.2 + APP-06",271202,,,,,Y,,,,,,,,,,,,,,,,
"Explosives, State of Readiness 2 (Armed but Passable)",ExplosivesStateOfReadiness2ArmedButPassable,"FM 1-02.2 + APP-06",271203,,,,,Y,,,,,,,,,,,,,,,,
"extraction zone",ExtractionZone,"APP-06",150700,Y,,,,Y,Y,,,,,,,,,,,,,,,
"ferry crossing",FerryCrossing,"FM 1-02.2 + APP-06",290700,,,,,Y,,,,,,,,,,,,,,,,
"fields of fire / sector of fire",FieldsOfFire,"FM 1-02.2 + APP-06",140500,Y,,,,Y,,,,,,,,,,,,,,,,
"fighter engagement zone",FighterEngagementZone,"APP-06",171400,Y,,,,Y,Y,Y,Y,,,,,,Y,Y,,,,,,
"fighting position",FightingPosition,"FM 1-02.2",,,,,,Y,,,,,,,,,,,,,Y,,,
"final coordination line",FinalCoordinationLine,"FM 1-02.2 + APP-06",140700,Y,,,,Y,Y,,,,,,,,,,,,,,,
"final protective fire",FinalProtectiveFire,"FM 1-02.2 + APP-06",240703,Y,Y,,,Y,,,,,,,,,,,,,,,Y,
"fire support area circular",FireSupportAreaCircular,"FM 1-02.2 + APP-06",241003,Y,,,,Y,,Y,Y,,,,,,,,,,Y,,,
"fire support area irregular",FireSupportAreaIrregular,"FM 1-02.2 + APP-06",241001,Y,,,,Y,,Y,Y,,,,,,,,,,,,,
"fire support area rectangular",FireSupportAreaRectangular,"FM 1-02.2 + APP-06",241002,Y,,,,Y,,Y,Y,,,,,,,,Y,,,,,
"fire support coordination line",FireSupportCoordinationLine,"FM 1-02.2 + APP-06",260100,Y,,,,Y,Y,Y,Y,,,,,,,,,,,,,
"fix",TacticalFix,"FM 1-02.2 + APP-06",341100,,,,,,,,,,,,,,,,,,,,,
"fix",Fix,"FM 1-02.2 + APP-06",270503,,,,,,,,,,,,,,,,,,,,,
"follow and assume",FollowAndAssume,"FM 1-02.2 + APP-06",341200,Y,,,,Y,,,,,,,,,,,,,,,,
"follow and support",FollowAndSupport,"FM 1-02.2 + APP-06",341300,Y,,,,Y,,,,,,,,,,,,,,,,
"ford, difficult",FordDifficult,"FM 1-02.2 + APP-06",271600,,,,,Y,,,,,,,,,,,,,,,,
"ford, easy",FordEasy,"FM 1-02.2 + APP-06",271500,,,,,Y,,,,,,,,,,,,,,,,
"fortified area",FortifiedArea,"FM 1-02.2 + APP-06",151000,Y,,,,Y,,,,,,,,,,,,,,,,
"fortified position",FortifiedPosition,"APP-06",291000,,,,,Y,,,,,,,,,,,,,,,,
"fortified/trench line",FortifiedLine,"FM 1-02.2 + APP-06",290900,,,,,Y,,,,,,,,,,,,,,,,
"forward arming and refueling point",ForwardArmingAndRefuelingPoint,"FM 1-02.2 + APP-06",310300,Y,,,,Y,Y,,,,,,,,,,,,,,,
"forward edge of battle area",ForwardEdgeOfBattleArea,"FM 1-02.2 + APP-06",140400,Y,,,,Y,Y,,,,,,,,,,,,,,,
"forward line of own troops",ForwardLineOfOwnTroops,"FM 1-02.2 + APP-06",140100,,,,,Y,Y,,,,,,,,,,,,,,,
"forward passage of lines",ForwardPassageOfLines,"FM 1-02.2 + APP-06",344100,,,,,Y,,,,,,,,,,,,,,,,
"free fire area circular",FreeFireAreaCircular,"FM 1-02.2 + APP-06",240203,Y,,,,Y,Y,Y,Y,,,,,,,,,,Y,,,
"free fire area irregular",FreeFireAreaIrregular,"FM 1-02.2 + APP-06",240201,Y,,,,Y,Y,Y,Y,,,,,,,,,,,,,
"free fire area rectangular",FreeFireAreaRectangular,"FM 1-02.2 + APP-06",240202,Y,,,,Y,Y,Y,Y,,,,,,,,Y,,,,,
"frontal attack",FrontalAttack,"FM 1-02.2 + APP-06",152700,,,,,Y,,,,,,,,,,,,,,,,
"gap",Gap,"FM 1-02.2 + APP-06",290600,Y,,,,Y,,Y,,,,,,,,,,,,,,
"group/series of targets",GroupOrSeriesOfTargets,"FM 1-02.2 + APP-06",240805,Y,,,,Y,,,,,,,,,,,,,,,,
"guard",Guard,"FM 1-02.2 + APP-06",342202,,,,,Y,,,,,,,,,,,,,,,,
"guerrilla base",GuerrillaBase,"FM 1-02.2 + APP-06",120600,Y,,,,Y,Y,,,,,,,,,,,,,,,
"handover line",HandoverLine,"APP-06",141800,Y,,,,Y,Y,,,,,,,,,,,,,,,
"high altitude missile engagement zone",HighAltitudeMissileEngagementZone,"FM 1-02.2 + APP-06",171800,Y,,,,Y,Y,Y,Y,,,,,,Y,Y,,,,,,
"high density airspace control zone",HighDensityAirspaceControlZone,"FM 1-02.2 + APP-06",170900,Y,,,,Y,Y,Y,Y,,,,,,Y,Y,,,,,,
"holding line",HoldingLine,"APP-06",141500,Y,,,,Y,Y,,,,,,,,,,,,,,,
"human terrain",HumanTerrain,"APP-06",370100,,,,Y,Y,,,,,,,,,,,,,,,,
"identification friend or foe off",IdentificationFriendOrFoeOff,"FM 1-02.2 + APP-06",190100,,,,,Y,,,,,,,,,,,,,,,,
"identification friend or foe on",IdentificationFriendOrFoeOn,"FM 1-02.2 + APP-06",190200,,,,,Y,,,,,,,,,,,,,,,,
"infiltration",Infiltration,"FM 1-02.2 + APP-06",343800,,,,,Y,,,,,,,,,,,,,,,,
"infiltration lane",InfiltrationLane,"FM 1-02.2 + APP-06",140800,Y,,,,Y,,,,,,,,,,,,,,,,
"intelligence coordination line",IntelligenceCoordinationLine,"FM 1-02.2 + APP-06",300100,Y,,,,Y,Y,Y,Y,,,,,,,,,,,,,
"interdict",Interdict,"FM 1-02.2 + APP-06",341400,,,,,,,,,,,,,,,,,,,,,
"isolate",Isolate,"FM 1-02.2 + APP-06",341500,,,,,,,,,,,,,,,,,,Y,,,
"joint engagement zone",JointEngagementZone,"FM 1-02.2 + APP-06",171500,Y,,,,Y,Y,Y,Y,,,,,,Y,Y,,,,,,
"joint tactical action area",JointTacticalActionArea,"APP-06",150501,Y,,,,Y,,Y,Y,,,,,,,,,,,,,
"kill zone",KillZone,"FM 1-02.2",,Y,,,,Y,Y,,,,,,,,,,,,,,,
"landing zone",LandingZone,"FM 1-02.2 + APP-06",150800,Y,,,,Y,Y,,,,,,,,,,,,,,,
"light line",LightLine,"APP-06",110200,Y,,,,Y,Y,,,,,,,,,,,,,,,
"limit of advance",LimitOfAdvance,"FM 1-02.2 + APP-06",140900,Y,,,,Y,Y,,,,,,,,,,,,,,,
"limited access area",LimitedAccessArea,"FM 1-02.2 + APP-06",151100,,,,Y,Y,,,,,,,Y,,,,,,,,,
"line of contact",LineOfContact,"FM 1-02.2 + APP-06",141100,,,,,,,,,,,,,,,,,,,,,
"line of departure",LineOfDeparture,"FM 1-02.2 + APP-06",141000,Y,,,,Y,Y,,,,,,,,,,,,,,,
"line of departure or line of contact",LineOfDepartureOrLineOfContact,"FM 1-02.2 + APP-06",141100,Y,,,,Y,Y,,,,,,,,,,,,,,,
"line, generic",LineGeneric,"APP-06",110400,Y,,,,Y,,Y,Y,,,,,,,,,,,,,
"linear smoke target",LinearSmokeTarget,"FM 1-02.2 + APP-06",240702,Y,,,,Y,,,,,,,,,,,,,,,,
"linear target",LinearTarget,"FM 1-02.2 + APP-06",240701,Y,,,,Y,,,,,,,,,,,,,,,,
"locate",Locate,"APP-06",343900,,,,,,,,,,,,,,,,,,,,,
"low altitude missile engagement zone",LowAltitudeMissileEngagementZone,"FM 1-02.2 + APP-06",171700,Y,,,,Y,Y,Y,Y,,,,,,Y,Y,,,,,,
"low level transit route",LowLevelTransitRoute,"FM 1-02.2 + APP-06",170200,Y,,,,Y,,Y,Y,,,,,,Y,Y,Y,,,,,
"main axis of advance",MainAxisOfAdvance,"FM 1-02.2 + APP-06",151403,Y,,,,Y,,Y,Y,,,,,,,,,,,,,
"main axis of advance feint",MainAxisOfAdvanceFeint,"FM 1-02.2 + APP-06",151406,Y,,,,Y,,Y,Y,,,,,,,,,,,,,
"main supply route",MainSupplyRoute,"FM 1-02.2 + APP-06",330300,Y,,,,Y,Y,,,,Y,,,,,,,,,,,
"mine cluster",MineCluster,"APP-06",290400,,,,,Y,Y,,,,,,,,,,,,,,,
"mined area, fenced",MinedAreaFenced,"APP-06",270801,,,,Y,Y,,,,,,Y,,,,,,,,,,
"minefield, dynamic depiction",MinefieldDynamicDepiction,"APP-06",270707,,,,Y,Y,,Y,,,,Y,,,,,,,,,,
"mineline",Mineline,"APP-06",290101,,,,,Y,,,,,,Y,,,,,,,,,,
"minimum risk route",MinimumRiskRoute,"FM 1-02.2 + APP-06",170300,Y,,,,Y,,Y,Y,,,,,,Y,Y,Y,,,,,
"minimum safe distance zone",MinimumSafeDistanceZone,"FM 1-02.2 + APP-06",272100,,,,,Y,,,,,,,,,,,,,,,,
"minimum safe distance zone, multiple strike (STRIKWARN)",MinimumSafeDistanceMultipleStrike,"FM 1-02.2 + APP-06",272101,,,,,Y,,,,,,,,,,,,,,,,
"missile engagement zone",MissileEngagementZone,"FM 1-02.2 + APP-06",171600,Y,,,,Y,Y,Y,Y,,,,,,Y,Y,,,,,,
"mobile defense",MobileDefense,"FM 1-02.2 + APP-06",152800,,,,,Y,,,,,,,,,,,,,,,,
"mobility corridor",MobilityCorridor,"APP-06",142100,Y,,,,Y,,,,Y,,,,,,,,,,,,
"movement to contact",MovementToContact,"FM 1-02.2",,,,,,Y,,,,,,,,,,,,,,,,
"munition flight path",MunitionFlightPath,"FM 1-02.2 + APP-06",260600,,,,,Y,,Y,Y,,,,,,,,,,,,,
"named area of interest",NamedAreaOfInterest,"FM 1-02.2 + APP-06",120200,Y,,,,Y,Y,,,,,,,,,,,,,,,
"named area of interest line",NamedAreaOfInterestLine,"APP-06",142000,Y,,,,Y,Y,,,,,,,,,,,,,,,
"neutralize",Neutralize,"FM 1-02.2 + APP-06",341600,,,,,,,,,,,,,,,,,,,,,
"no fire area circular",NoFireAreaCircular,"FM 1-02.2 + APP-06",240303,Y,,,,Y,Y,Y,Y,,,,,,,,,,Y,,,
"no fire area irregular",NoFireAreaIrregular,"FM 1-02.2 + APP-06",240301,Y,,,,Y,Y,Y,Y,,,,,,,,,,,,,
"no fire area rectangular",NoFireAreaRectangular,"FM 1-02.2 + APP-06",240302,Y,,,,Y,Y,Y,Y,,,,,,,,Y,,,,,
"no fire line",NoFireLine,"APP-06",260300,Y,,,,Y,Y,Y,Y,,,,,,,,,,,,,
"nuclear contaminated area",NuclearContaminatedArea,"APP-06",271900,,,,,,,,,,,,,,,,,,,,,
"objective area",ObjectiveArea,"FM 1-02.2 + APP-06",151700,Y,,,,Y,Y,,,,,,,,,,,,,,,
"obstacle belt",ObstacleBelt,"FM 1-02.2 + APP-06",270100,Y,,,,Y,,,,,,,,,,,,,,,,
"obstacle bypass difficult",ObstacleBypassDifficult,"APP-06",270602,,,,,,,,,,,,,,,,,,,,,
"obstacle bypass easy",ObstacleBypassEasy,"APP-06",270601,,,,,,,,,,,,,,,,,,,,,
"obstacle bypass impossible",ObstacleBypassImpossible,"APP-06",270603,,,,,,,,,,,,,,,,,,,,,
"obstacle free area",ObstacleFreeArea,"FM 1-02.2 + APP-06",270300,Y,,,,Y,,Y,Y,,,,,,,,,,,,,
"obstacle group",ObstacleGroup,"FM 1-02.2",,Y,,,,Y,,,,,,,,,,,,,,,,
"obstacle line",ObstacleLine,"FM 1-02.2 + APP-06",290100,Y,,,,Y,,,,,,,,,,,,,,,,
"obstacle restricted area",ObstacleRestrictedArea,"FM 1-02.2 + APP-06",270400,Y,,,,Y,,Y,Y,,,,,,,,,,,,,
"obstacle zone",ObstacleZone,"FM 1-02.2 + APP-06",270200,Y,,,,Y,,,,,,,,,,,,,,,,
"occupy",Occupy,"FM 1-02.2 + APP-06",341700,,,,,,,,,,,,,,,,,,Y,,,
"passage lane",PassageLane,"FM 1-02.2",,,,,,Y,,Y,Y,,,,,,,,,,,,,
"penetration",Penetration,"FM 1-02.2 + APP-06",341800,,,,,Y,,,,,,,,,,,,,,,,
"penetration box",PenetrationBox,"APP-06",151900,,,,,Y,,,,,,,,,,,,,,,,
"phase line",PhaseLine,"FM 1-02.2 + APP-06",140300,Y,,,,Y,,,,,,,,,,,,,,,,
"pickup zone",PickupZone,"FM 1-02.2 + APP-06",150900,Y,,,,Y,Y,,,,,,,,,,,,,,,
"position area artillery circular",PositionAreaArtilleryCircular,"FM 1-02.2 + APP-06",240502,Y,,,,Y,Y,Y,Y,,,,,,,,,,Y,,,
"position area artillery irregular",PositionAreaArtilleryIrregular,"FM 1-02.2 + APP-06",240503,Y,,,,Y,Y,Y,Y,,,,,,,,,,,,,
"position area artillery rectangular",PositionAreaArtilleryRectangular,"FM 1-02.2 + APP-06",240501,Y,,,,Y,Y,Y,Y,,,,,,,,Y,,,,,
"probable line of deployment",ProbableLineOfDeployment,"FM 1-02.2 + APP-06",141200,Y,,,,Y,,,,,,,,,,,,,,,,
"PsyOps zone, circular",PsyOpsZoneCircular,"APP-06",242703,Y,,,Y,Y,,Y,Y,,,,,,,,,,,,,
"PsyOps zone, irregular",PsyOpsZoneIrregular,"APP-06",242701,Y,,,Y,Y,,Y,Y,,,,,,,,,,,,,
"PsyOps zone, rectangular",PsyOpsZoneRectangular,"APP-06",242702,Y,,,Y,Y,,Y,Y,,,,,,,,Y,,,,,
"purple kill box circular",PurpleKillBoxCircular,"FM 1-02.2 + APP-06",242306,Y,,,,Y,,Y,Y,,,,,,,,,,Y,,,
"purple kill box irregular",PurpleKillBoxIrregular,"FM 1-02.2 + APP-06",242304,Y,,,,Y,,Y,Y,,,,,,,,,,,,,
"purple kill box rectangular",PurpleKillBoxRectangular,"FM 1-02.2 + APP-06",242305,Y,,,,Y,,Y,Y,,,,,,,,Y,,,,,
"pursuit",Pursuit,"FM 1-02.2 + APP-06",344000,,,,,Y,,,,,,,,,,,,,,,,
"radiation dose rate contour line",RadiationDoseRateContourLine,"FM 1-02.2 + APP-06",272200,Y,,,,Y,,,,,,,,,,,,,,,,
"radiological contaminated area",RadiologicalContaminatedArea,"APP-06",272000,,,,,,,,,,,,,,,,,,,,,
"radiological contaminated area, toxic industrial material",RadiologicalContaminatedAreaToxicIndustrialMaterial,"APP-06",272001,,,,,,,,,,,,,,,,,,,,,
"raft site",RaftSite,"APP-06",290800,,,,,Y,,,,,,,,,,,,,,,,
"rearward passage of lines",RearwardPassageOfLines,"FM 1-02.2 + APP-06",344200,,,,,Y,,,,,,,,,,,,,,,,
"recover",Recover,"APP-06",344600,,,,,,,,,,,,,,,,,,,,,
"refugee holding area",RefugeeHoldingArea,"FM 1-02.2 + APP-06",310400,Y,,,,Y,Y,,,,,,,,,,,,,,,
"regimental support area",RegimentalSupportArea,"APP-06",310500,Y,,,,Y,Y,,,,,,,,,,,,,,,
"release line",ReleaseLine,"FM 1-02.2 + APP-06",141600,Y,,,,Y,Y,,,,,,,,,,,,,,,
"relief in place",ReliefInPlace,"FM 1-02.2 + APP-06",341900,,,,,Y,,,,,,,,,,,,,,,,
"restricted operations zone",RestrictedOperationsZone,"FM 1-02.2 + APP-06",171000,Y,,,,Y,Y,Y,Y,,,,,,Y,Y,,,,,,
"restricted terrain",RestrictedTerrain,"APP-06",152400,,,,Y,,,,,,,,Y,Y,,,,,,,,
"restrictive fire area circular",RestrictiveFireAreaCircular,"FM 1-02.2 + APP-06",240403,Y,,,,Y,Y,Y,Y,,,,,,,,,,Y,,,
"restrictive fire area irregular",RestrictiveFireAreaIrregular,"FM 1-02.2 + APP-06",240401,Y,,,,Y,Y,Y,Y,,,,,,,,,,,,,
"restrictive fire area rectangular",RestrictiveFireAreaRectangular,"FM 1-02.2 + APP-06",240402,Y,,,,Y,Y,Y,Y,,,,,,,,Y,,,,,
"restrictive fire line",RestrictiveFireLine,"FM 1-02.2 + APP-06",260500,Y,,,,Y,Y,Y,Y,,,,,,,,,,,,,
"retain",Retain,"FM 1-02.2 + APP-06",151205,,,,,,,,,,,,,,,,,,Y,,,
"retirement",Retirement,"FM 1-02.2 + APP-06",342000,,,,,Y,,,,,,,,,,,,,,,,
"Roadblock Complete (Executed)",RoadblockCompleteExecuted,"FM 1-02.2 + APP-06",271204,,,,,Y,,,,,,,,,,,,,,,,
"route",Route,"FM 1-02.2 + APP-06",330500,Y,,,,Y,Y,,,,Y,,,,,,,,,,,
"safe lane",SafeLane,"FM 1-02.2 + APP-06",170400,Y,,,,Y,,Y,Y,,,,,,Y,Y,Y,,,,,
"screen",Screen,"FM 1-02.2 + APP-06",342203,,,,,Y,,,,,,,,,,,,,,,,
"secure",Secure,"FM 1-02.2 + APP-06",342100,,,,,,,,,,,,,,,,,,Y,,,
"seize",Seize,"FM 1-02.2 + APP-06",342300,,,,,,,,,,,,,,,,,,,,,
"severely restricted terrain",SeverelyRestrictedTerrain,"APP-06",152500,,,,Y,,,,,,,,Y,Y,,,,,,,,
"short range air defense engagement zone",ShortRangeAirDefenseEngagementZone,"FM 1-02.2 + APP-06",171900,Y,,,,Y,Y,Y,Y,,,,,,Y,Y,,,,,,
"smoke obscurant",SmokeObscurant,"FM 1-02.2 + APP-06",240806,Y,,,,Y,Y,Y,Y,,,,,,,,,,,,,
"special corridor",SpecialCorridor,"FM 1-02.2 + APP-06",170700,Y,,,,Y,,Y,Y,,,,,,Y,Y,Y,,,,,
"standard use Army aircraft flight route",StandardUseArmyAircraftFlightRoute,"FM 1-02.2 + APP-06",170500,Y,,,,Y,,Y,Y,,,,,,Y,Y,Y,,,,,
"strong point",StrongPoint,"FM 1-02.2 + APP-06",151203,Y,,,,Y,,,,Y,,,,,,,,,,,,
"submarine action area",SubmarineActionArea,"APP-06",150502,Y,,,,Y,,Y,Y,,,,,,,,,,,,,
"submarine-generated action area",SubmarineGeneratedActionArea,"APP-06",150503,Y,,,,Y,,Y,Y,,,,,,,,,,,,,
"support by fire",SupportByFire,"FM 1-02.2 + APP-06",152100,,,,,,,,,,,,,,,,,,,,,
"supporting axis of advance",SupportingAxisOfAdvance,"FM 1-02.2 + APP-06",151404,Y,,,,Y,,Y,Y,,,,,,,,,,,,,
"suppress",Suppress,"FM 1-02.2 + APP-06",342800,,,,,,,,,,,,,,,,,,,,,
"target area circular",TargetAreaCircular,"FM 1-02.2 + APP-06",240803,Y,,,,Y,,,,,,,,,,,,,Y,,,
"target area irregular",TargetAreaIrregular,"FM 1-02.2 + APP-06",240801,Y,,,,Y,,,,,,,,,,,,,,,,
"target area of interest",TargetAreaOfInterest,"FM 1-02.2 + APP-06",120300,Y,,,,Y,Y,,,,,,,,,,,,,,,
"target area rectangular",TargetAreaRectangular,"FM 1-02.2 + APP-06",240802,Y,,,,Y,,,,,,,,,,,Y,Y,,,,
"target build up area circular",TargetBuildUpAreaCircular,"APP-06",241703,Y,,,,Y,,Y,Y,,,,,,,,,,,,,
"target build up area irregular",TargetBuildUpAreaIrregular,"APP-06",241701,Y,,,,Y,,Y,Y,,,,,,,,,,,,,
"target build up area rectangular",TargetBuildUpAreaRectangular,"APP-06",241702,Y,,,,Y,,Y,Y,,,,,,,,Y,,,,,
"target value area circular",TargetValueAreaCircular,"APP-06",241803,Y,,,,Y,,Y,Y,,,,,,,,,,,,,
"target value area irregular",TargetValueAreaIrregular,"APP-06",241801,Y,,,,Y,,Y,Y,,,,,,,,,,,,,
"target value area rectangular",TargetValueAreaRectangular,"APP-06",241802,Y,,,,Y,,Y,Y,,,,,,,,Y,,,,,
"terminally guided munition footprint",TerminallyGuidedMunitionFootprint,"APP-06",242000,Y,,,,Y,Y,,,,,,,,,,,,,,,
"transit corridor",TransitCorridor,"FM 1-02.2 + APP-06",170600,Y,,,,Y,,Y,Y,,,,,,Y,Y,Y,,,,,
"trip wire",TripWire,"APP-06",290500,,,,,Y,,,,,,,,,,,,,,,,
"turn",TacticalTurn,"FM 1-02.2 + APP-06",344700,,,,,,,,,,,,,,,,,,,,,
"turn",Turn,"FM 1-02.2 + APP-06",270504,,,,,,,,,,,,,,,,,,,,,
"turning movement",TurningMovement,"FM 1-02.2 + APP-06",152900,,,,,Y,,,,,,,,,,,,,,,,
"unexploded explosive ordnance (UXO) area",UnexplodedExplosiveOrdnanceArea,"FM 1-02.2 + APP-06",271000,Y,,,,Y,,,,,,,,,,,,,,,,
"unmanned aircraft (UA) corridor",UnmannedAircraftCorridor,"FM 1-02.2",,Y,,,,Y,,Y,Y,,,,,,Y,Y,Y,,,,,
"unmanned aircraft restricted operations zone",UnmannedAircraftRestrictedOperationsZone,"FM 1-02.2 + APP-06",171200,Y,,,,Y,Y,Y,Y,,,,,,Y,Y,,,,,,
"weapon engagement zone",WeaponEngagementZone,"FM 1-02.2 + APP-06",171300,Y,,,,Y,Y,Y,Y,,,,,,Y,Y,,,,,,
"weapon sensor range fan circular",WeaponSensorRangeFanCircular,"FM 1-02.2 + APP-06",242100,,,,,Y,,,,,,,,,,,,,Y,,,Y
"weapon sensor range fan sector",WeaponSensorRangeFanSector,"FM 1-02.2 + APP-06",242200,,,,,Y,,,,,,,,,,,,,Y,,,Y
"weapons free zone",WeaponsFreeZone,"FM 1-02.2 + APP-06",172000,Y,,,,Y,Y,Y,Y,,,,,,Y,Y,,,,,,
"Wire, Double Apron Fence",WireDoubleApronFence,"FM 1-02.2 + APP-06",290304,,,,,Y,,,,,,,,,,,,,,,,
"Wire, Double Fence",WireDoubleFence,"FM 1-02.2 + APP-06",290303,,,,,Y,,,,,,,,,,,,,,,,
"Wire, Double Strand Concertina",WireDoubleStrandConcertina,"FM 1-02.2 + APP-06",290308,,,,,Y,,,,,,,,,,,,,,,,
"Wire, High Wire Fence",WireHighWireFence,"FM 1-02.2 + APP-06",290306,,,,,Y,,,,,,,,,,,,,,,,
"Wire, Low Wire Fence",WireLowWireFence,"FM 1-02.2 + APP-06",290305,,,,,Y,,,,,,,,,,,,,,,,
"Wire, Single Concertina",WireSingleConcertina,"FM 1-02.2 + APP-06",290307,,,,,Y,,,,,,,,,,,,,,,,
"Wire, Single Fence",WireSingleFence,"FM 1-02.2 + APP-06",290302,,,,,Y,,,,,,,,,,,,,,,,
"Wire, Triple Strand Concertina",WireTripleStrandConcertina,"FM 1-02.2 + APP-06",290309,,,,,Y,,,,,,,,,,,,,,,,
"Wire, Unspecified",WireUnspecified,"FM 1-02.2 + APP-06",290301,,,,,Y,,,,,,,,,,,,,,,,
"withdraw",Withdraw,"FM 1-02.2 + APP-06",342400,,,,,Y,,,,,,,,,,,,,,,,
"withdraw under pressure",WithdrawUnderPressure,"FM 1-02.2 + APP-06",342500,,,,,Y,,,,,,,,,,,,,,,,
"zone of fire",ZoneOfFire,"APP-06",242600,Y,,,,Y,,,,,,,,,,,,,,,,
"zone of responsibility circular",ZoneOfResponsibilityCircular,"APP-06",241903,Y,,,,Y,,Y,Y,,,,,,,,,,,,,
"zone of responsibility irregular",ZoneOfResponsibilityIrregular,"APP-06",241901,Y,,,,Y,,Y,Y,,,,,,,,,,,,,
"zone of responsibility rectangular",ZoneOfResponsibilityRectangular,"APP-06",241902,Y,,,,Y,,Y,Y,,,,,,,,Y,,,,,